USE Plantsmartvictoria;

INSERT INTO FROST VALUES ('M', 'Moderately sensitive to frost'),
('R', 'Resistant to most frosts'),('S', 'Sensitive to frost');

INSERT INTO SOIL_PH VALUES ('AN/C','soils with pH less than 8'),
('ANC','Not sensitive to pH'),('AN', 'soils with pH less than  or equal 7');

INSERT INTO SOIL_TEXTURE VALUES ('Sa', 'Sand'),('Lo', 'Loam'),('Cl','Clay'),('Li', 'Limestone');

INSERT INTO FLOWER_TIME VALUES ('A', 'Autumn'),('W', 'Winter'), ('Sp', 'Spring'),
('S', 'Summer'),('F', 'Frequent'), ('All year', 'ALL YEAR');

INSERT INTO	FLOWER_COLOR VALUES ('B', 'Blue'),('Bl','Black'),('Br','Brown'),
('Bu', 'Burgundy'),('R','Red'),('Cr', 'Cream'),('G', 'Green'),
('I', 'Insignificant'),('O','Orange'),('Pk','Pink'),('Pu', 'Purple'),
('W','White'),('Y', 'Yellow or Gold');

INSERT INTO PLANT_TYPE VALUES ('Trees and Shrubs','small- to medium-sized perennial woody plant'),
('Groundcover','Plant grows over an area of ground'),
( 'Climbers', 'plant with a growth habit of trailing or scandent (that is, climbing) stems, lianas or runners'),
('Grasses','monocotyledon plant, herbaceous plants with narrow leaves growing from the base'),
('Other Strap-leaved Plants','Other plants'),
('Bulbs and Lilies','a genus of herbaceous flowering plants growing from bulbs, all with large prominent flowers'),
('Aquatic and Riparian Zone Plants', 'A riparian zone or riparian area is the interface between land and a river or stream'),
('Rushes and Sedges', 'plants resemble the closely related rushes and the more distantly related grasses');

INSERT INTO PLANT_GENUS VALUES ('Acacia ', ''), ('Adriana', ''), ('Allocasuarina', ''), ('Atriplex', ''), ('Babingtonia syn Baeckea', ''), 
('Banksia', ''), ('Bauera', ''), ('Boronia ', ''), ('Brachychiton', ''), ('Callistemon', ''), ('Casuarina', ''), ('Cheiranthera', ''), 
('Correa', ''), ('Corymbia  formerly Eucalyptus', ''), ('Crowea ', ''), ('Daviesia ', ''), ('Dillwynia', ''), ('Dodonaea', ''), ('Eremophila', ''), 
('Eucalyptus ', ''), ('Glischrocaryon', ''), ('Goodenia', ''), ('Grevillea', ''), ('Hakea', ''), ('Hardenbergia', ''), ('Hibbertia', ''), ('Hybanthus', ''), 
('Isopogon', ''), ('Lasiopetalum', ''), ('Leptospermum', ''), ('Leucophyta', ''), ('Leucopogon', ''), ('Linum ', ''), ('Maireana', ''), ('Melaleuca', ''), 
('Micromyrtus', ''), ('Myoporum', ''), ('Olearia', ''), ('Philotheca Syn:Eriostemon', ''), ('Pimelea', ''), ('Platylobium', ''), ('Prostanthera', ''), 
('Pultenaea', ''), ('Rhagodia', ''), ('Senna', ''), ('Solanum ', ''), ('Syzygium', ''), ('Tetratheca', ''), ('Thomasia', ''), ('Thryptomene', ''), 
('Viminaria', ''), ('Westringia ', ''), ('Ajuga', ''), ('Brachyscome ', ''), ('Carpobrotus', ''), ('Chrysocephalum ', ''), ('Helichrysum', ''), 
('Kennedia', ''), ('Kunzea', ''), ('Pelargonium', ''), ('Pratia', ''), ('Scaevola', ''), ('Viola', ''), ('Muehlenbeckia', ''), ('Aristida ', ''), 
('Austrodanthonia  syn. Danthonia', ''), ('Austrostipa  syn. Stipa', ''), ('Bothriochloa', ''), ('Distichlis', ''), ('Elymus', ''), ('Enneapogon', ''), 
('Poa', ''), ('Triodia', ''), ('Dianella', ''), ('Diplarrena', ''), ('Lomandra', ''), ('Orthrosanthus', ''), ('Patersonia', ''), ('Xanthorrhoea', ''), 
('Arthropodium ', ''), ('Bulbine ', ''), ('Burchardia', ''), ('Calostemma', ''), ('Centella', ''), ('Lobelia ', ''), ('Mazus ', ''), ('Mentha ', ''), 
('Mimulus ', ''), ('Carex', ''), ('Eleocharis', ''), ('Gahnia', ''), ('Isolepis ', ''), ('Schoenoplectus ', ''); 

INSERT INTO PLANT_INFO VALUES (0, 'B', 'acinacea ', 'round-leaved wattle', '1-2', '1-2', '300', 'Trees and Shrubs', 'Acacia ', 'ANC', 'R') ,
(1, 'B', 'argyrophylla', 'golden-grey mulga', '1-5', '2-6', '350', 'Trees and Shrubs', 'Acacia ', 'ANC', 'R') ,
(2, 'B', 'brachybotrya', 'grey mulga', '2-4', '1.5-4', '250', 'Trees and Shrubs', 'Acacia ', 'ANC', 'R') ,
(3, 'B', 'calamifolia', 'wallowa ', '2-5', '2-4', '200', 'Trees and Shrubs', 'Acacia ', 'ANC', 'M') ,
(4, 'B', 'farinosa', 'mealy wattle', '1-2', '2-4', '350', 'Trees and Shrubs', 'Acacia ', 'ANC', 'M') ,
(5, 'B', 'floribunda', 'gossamer wattle', '4-7', '4-6', '550', 'Trees and Shrubs', 'Acacia ', 'AN/C', 'M') ,
(6, 'B', 'glandulicarpa', 'hairy-pod wattle', '1-3', '1-3', '350', 'Trees and Shrubs', 'Acacia ', 'ANC', 'R') ,
(7, 'B', 'gunnii', 'ploughshare wattle', '0.2-0.8', '1-2', '500', 'Trees and Shrubs', 'Acacia ', 'AN', 'R') ,
(8, 'B', 'hakeoides', 'hakea wattle', '2.5-4', '3-5', '250', 'Trees and Shrubs', 'Acacia ', 'ANC', 'R') ,
(9, 'B', 'howittii', 'sticky wattle', '4-8', '3-6', '450', 'Trees and Shrubs', 'Acacia ', 'ANC', 'R') ,
(10, 'B', 'ligulata', 'umbrella wattle', '2-4', '4-6', '150', 'Trees and Shrubs', 'Acacia ', 'ANC', 'R') ,
(11, 'B', 'lineata', 'streaked wattle', '0.5-3', '1-3', '500', 'Trees and Shrubs', 'Acacia ', 'ANC', 'M') ,
(12, 'B', 'longifolia var. sophorae', 'coastal wattle', '2-5', '4-8', '450', 'Trees and Shrubs', 'Acacia ', 'ANC', 'M') ,
(13, 'B', 'melanoxylon SA forms', 'blackwood', '7-20', '4-10', '500', 'Trees and Shrubs', 'Acacia ', 'AN/C', 'R') ,
(14, 'B', 'microcarpa', 'manna wattle', '1-3', '2-4', '300', 'Trees and Shrubs', 'Acacia ', 'ANC', 'R') ,
(15, 'B', 'montana', 'mallee wattle', '2-4', '2-5', '325', 'Trees and Shrubs', 'Acacia ', 'ANC', 'R') ,
(16, 'B', 'myrtifolia', 'myrtle wattle', '1-2', '1-2', '500', 'Trees and Shrubs', 'Acacia ', 'AN/C', 'M') ,
(17, 'B', 'notabilis', 'notable wattle', '3-6', '3-4', '250', 'Trees and Shrubs', 'Acacia ', 'ANC', 'R') ,
(18, 'B', 'paradoxa ', 'kangaroo thorn', '2-4', '3-4', '300', 'Trees and Shrubs', 'Acacia ', 'ANC', 'M') ,
(19, 'B', 'pendula', 'weeping myall', '6-10', '6-8', '250', 'Trees and Shrubs', 'Acacia ', 'ANC', 'M') ,
(20, 'B', 'pravissima', 'Oven’s wattle', '4-8', '4-8', '500', 'Trees and Shrubs', 'Acacia ', 'AN/C', 'M') ,
(21, 'B', 'pycnantha', 'golden wattle', '4-6', '2-6', '450', 'Trees and Shrubs', 'Acacia ', 'ANC', 'M') ,
(22, 'B', 'retinodes ', 'wirilda', '5-8', '3-7', '500', 'Trees and Shrubs', 'Acacia ', 'ANC', 'M') ,
(23, 'B', 'rigens', 'nealie', '2-4', '2-4', '200', 'Trees and Shrubs', 'Acacia ', 'ANC', 'R') ,
(24, 'B', 'rupicola', 'rock wattle', '1-2.5', '1-2.5', '350', 'Trees and Shrubs', 'Acacia ', 'ANC', 'R') ,
(25, 'B', 'salicina', 'Broughton willow ', '4-10', '3-5', '300', 'Trees and Shrubs', 'Acacia ', 'ANC', 'R') ,
(26, 'B', 'sclerophylla var. sclerophylla', 'hard-leaf wattle', '1-2', '2-4', '250', 'Trees and Shrubs', 'Acacia ', 'ANC', 'R') ,
(27, 'B', 'verniciflua', 'varnish wattle', '3-5', '3-5', '450', 'Trees and Shrubs', 'Acacia ', 'AN/C', 'M') ,
(28, 'B', 'verticillata ssp ovoidea', 'prickly moses', '2-4', '1-3', '600', 'Trees and Shrubs', 'Acacia ', 'AN/C', 'M') ,
(29, 'B', 'wilhelmiana', 'dwarf nealie', '1-3', '2-3', '250', 'Trees and Shrubs', 'Acacia ', 'ANC', 'R') ,
(30, 'B', 'quadripartita syn.klotzschii', 'coastal bitter bush', '1-2', '1-3', '350', 'Trees and Shrubs', 'Adriana', 'ANC', 'M') ,
(31, 'B', 'luehmannii', 'bull oak', '8-20', '5-8', '550', 'Trees and Shrubs', 'Allocasuarina', 'ANC', 'R') ,
(32, 'B', 'muelleriana ssp muelleriana', 'slaty sheoak', '1-3', '2-3', '400', 'Trees and Shrubs', 'Allocasuarina', 'ANC', 'M') ,
(33, 'B', 'pusilla', 'dwarf sheoak', '1-2', '1-2', '350', 'Trees and Shrubs', 'Allocasuarina', 'ANC', 'R') ,
(34, 'B', 'verticillata Coastal form', 'drooping sheoak', '5-8', '4-6', '400', 'Trees and Shrubs', 'Allocasuarina', 'ANC', 'R') ,
(35, 'B', 'verticillata Dryland form  ', 'drooping sheoak', '5-8', '4-6', '350', 'Trees and Shrubs', 'Allocasuarina', 'ANC', 'R') ,
(36, 'B', 'verticillata Hills form', 'drooping sheoak', '5-8', '4-6', '500', 'Trees and Shrubs', 'Allocasuarina', 'ANC', 'M') ,
(37, 'B', 'cinerea', 'coastal saltbush', '1', '1-2', '350', 'Trees and Shrubs', 'Atriplex', 'ANC', 'M') ,
(38, 'B', 'paludosa', 'marsh saltbush', '0.5-1', '0.5-1', '300', 'Trees and Shrubs', 'Atriplex', 'ANC', 'R') ,
(39, 'B', 'rhagodioides', 'river saltbush', '0.5-2', '1-2', '250', 'Trees and Shrubs', 'Atriplex', 'ANC', 'R') ,
(40, 'B', 'vesicaria', 'bladder saltbush', '0.5-1', '1-2', '250', 'Trees and Shrubs', 'Atriplex', 'ANC', 'R') ,
(41, 'B', 'behrii', 'silver broombush', '2-3', '1-2', '350', 'Trees and Shrubs', 'Babingtonia syn Baeckea', 'ANC', 'R') ,
(42, 'G', 'integrifolia', 'coast banksia', '8-15', '5-8', '450', 'Trees and Shrubs', 'Banksia', 'ANC', 'M') ,
(43, 'B', 'marginata', 'silver banksia', '2-8', '1-5', '500', 'Trees and Shrubs', 'Banksia', 'ANC', 'R') ,
(44, 'B', 'ornata', 'desert banksia', '1-2', '1-2', '400', 'Trees and Shrubs', 'Banksia', 'AN/C', 'M') ,
(45, 'G', 'serrata', 'old man banksia', '2-10', '2-7', '500', 'Trees and Shrubs', 'Banksia', 'AN', 'M') ,
(46, 'G', 'spinulosa', 'hairpin banksia', '2-4', '2-5', '600', 'Trees and Shrubs', 'Banksia', 'AN', 'R') ,
(47, 'G', 'rubioides ', 'wiry bauera', '0.5-2', '1-3', '650', 'Trees and Shrubs', 'Bauera', 'AN', 'M') ,
(48, 'G', 'coerulescens ssp coerulescens', 'blue boronia', '0.5', '0.5', '400', 'Trees and Shrubs', 'Boronia ', 'ANC', 'R') ,
(49, 'G', 'filifolia', 'slender boronia', '0.5-1', '0.5–1', '450', 'Trees and Shrubs', 'Boronia ', 'ANC', 'M') ,
(50, 'B', 'populneus', 'kurrajong', '8-15', '6-10', '400', 'Trees and Shrubs', 'Brachychiton', 'ANC', 'R') ,
(51, 'B', 'brachyandrus', 'prickly bottlebrush', '2-3', '1-3.5', '450', 'Trees and Shrubs', 'Callistemon', 'ANC', 'R') ,
(52, 'B', 'citrinus', 'crimson bottlebrush', '2-5', '2-5', '450', 'Trees and Shrubs', 'Callistemon', 'ANC', 'M') ,
(53, 'B', 'pallidus', 'lemon bottlebrush', '2-5', '2-4', '550', 'Trees and Shrubs', 'Callistemon', 'ANC', 'R') ,
(54, 'B', 'sieberi', 'river bottlebrush', '2-4', '2-3', '500', 'Trees and Shrubs', 'Callistemon', 'ANC', 'M') ,
(55, 'B', 'obesa', 'swamp oak', '10-15', '5-10', '350', 'Trees and Shrubs', 'Casuarina', 'ANC', 'R') ,
(56, 'B', 'pauper syn C.cristata', 'black oak, belah', '6-15', '4-8', '200', 'Trees and Shrubs', 'Casuarina', 'ANC', 'R') ,
(57, 'G', 'alternifolia ', 'finger flower', '0.3', '0.3', '450', 'Trees and Shrubs', 'Cheiranthera', 'AN', 'M') ,
(58, 'G', 'alba var. alba', 'white correa', '2-2.5', '2-2.5', '400', 'Trees and Shrubs', 'Correa', 'ANC', 'M') ,
(59, 'G', 'backhouseana ', 'velvet correa', '1-2', '2-3', '500', 'Trees and Shrubs', 'Correa', 'ANC', 'M') ,
(60, 'G', 'glabra var. turnbullii', 'rock correa', '1-1.5', '1-1.5', '400', 'Trees and Shrubs', 'Correa', 'ANC', 'R'),
(61, 'B', 'maculata ', 'spotted gum', '10-40', '8-20', '500', 'Trees and Shrubs', 'Corymbia  formerly Eucalyptus', 'ANC', 'S') ,
(62, 'G', 'exalata', 'wax flower', '0.5-1', '0.5-1.5', '600', 'Trees and Shrubs', 'Crowea ', 'AN', 'M') ,
(63, 'B', 'leptophylla', 'blunt leaf bitter-pea', '1-2.5', '1-2', '500', 'Trees and Shrubs', 'Daviesia ', 'AN', 'M') ,
(64, 'G', 'hispida', 'red parrot-pea', '0.2-0.6', '0.3-1', '450', 'Trees and Shrubs', 'Dillwynia', 'ANC', 'M') ,
(65, 'B', 'bursariifolia', 'low hop bush', '0.5-1.5', '0.7-1.5', '400', 'Trees and Shrubs', 'Dodonaea', 'ANC', 'R') ,
(66, 'B', 'stenozyga', 'desert hop bush', '0.5-1', '1-3', '300', 'Trees and Shrubs', 'Dodonaea', 'ANC', 'R') ,
(67, 'G', 'crassifolia', 'trim emu bush', '1', '1', '350', 'Trees and Shrubs', 'Eremophila', 'ANC', 'R') ,
(68, 'G', 'divaricata ssp divaricata', 'spreading emu bush', '1-2', '1-3', '350', 'Trees and Shrubs', 'Eremophila', 'ANC', 'M') ,
(69, 'G', 'oppositifolia', 'twin-leaf emu bush', '1.5-4', '1-3', '300', 'Trees and Shrubs', 'Eremophila', 'ANC', 'R') ,
(70, 'G', 'polyclada', 'flowering lignum', '2-4', '2-4', '400', 'Trees and Shrubs', 'Eremophila', 'ANC', 'M') ,
(71, 'G', 'scoparia', 'broom emu bush', '1-3', '1-1.5', '250', 'Trees and Shrubs', 'Eremophila', 'ANC', 'R') ,
(72, 'B', 'albens', 'white box', '15-25', '10-15', '450', 'Trees and Shrubs', 'Eucalyptus ', 'ANC', 'R') ,
(73, 'B', 'arenacea ', 'sand stringybark', '4-8', '4-8', '450', 'Trees and Shrubs', 'Eucalyptus ', 'ANC', 'R') ,
(74, 'B', 'baxteri', 'brown stringybark', '6-25', '6-15', '650', 'Trees and Shrubs', 'Eucalyptus ', 'AN', 'R'),
(75, 'B', 'botryoides', 'bangalay', '10-30', '10-15', '600', 'Trees and Shrubs', 'Eucalyptus ', 'ANC', 'S') ,
(76, 'B', 'calycogona', 'square-fruited mallee', '3-10', '3-8', '300', 'Trees and Shrubs', 'Eucalyptus ', 'ANC', 'R') ,
(77, 'B', 'cinerea', 'argyle apple', '7-15', '5-8', '600', 'Trees and Shrubs', 'Eucalyptus ', 'AN/C', 'R') ,
(78, 'B', 'crenulata', 'Victorian silver gum', '4-12', '3-10', '600', 'Trees and Shrubs', 'Eucalyptus ', 'AN/C', 'R') ,
(79, 'B', 'cyanophylla', 'blue-leaved mallee', '2-6', '3-8', '250', 'Trees and Shrubs', 'Eucalyptus ', 'ANC', 'M') ,
(80, 'B', 'dalrympleana ssp dalrympleana', 'candlebark gum', '15-35', '10-30', '750', 'Trees and Shrubs', 'Eucalyptus ', 'AN', 'R') ,
(81, 'B', 'diversifolia ssp diversifolia', 'SA coastal white mallee', '2-10', '2-8', '350', 'Trees and Shrubs', 'Eucalyptus ', 'ANC', 'M') ,
(82, 'B', 'dumosa', 'white mallee', '4-8', '4-5', '300', 'Trees and Shrubs', 'Eucalyptus ', 'ANC', 'R') ,
(83, 'B', 'fasciculosa', 'pink gum', '5-18', '5-12', '450', 'Trees and Shrubs', 'Eucalyptus ', 'ANC', 'M') ,
(84, 'B', 'globulus', 'Tasmanian blue gum', '15-50', '10-20', '700', 'Trees and Shrubs', 'Eucalyptus ', 'AN/C', 'R') ,
(85, 'B', 'goniocalyx ssp. goniocalyx', 'long-leaved box', '8-20', '6-15', '500', 'Trees and Shrubs', 'Eucalyptus ', 'AN/C', 'M') ,
(86, 'B', 'gracilis ', 'yorrell', '3-9', '3-8', '200', 'Trees and Shrubs', 'Eucalyptus ', 'ANC', 'M') ,
(87, 'B', 'incrassata', 'ridge-fruited mallee', '3-7', '3-6', '350', 'Trees and Shrubs', 'Eucalyptus ', 'ANC', 'M') ,
(88, 'B', 'largiflorens', 'river box', '6-20', '6-15', '350', 'Trees and Shrubs', 'Eucalyptus ', 'ANC', 'R') ,
(89, 'B', 'leptophylla', 'narrow-leaved red mallee', '2-6', '3-8', '200', 'Trees and Shrubs', 'Eucalyptus ', 'ANC', 'R') ,
(90, 'B', 'leucoxylon ssp leucoxylon', 'S.A. blue gum', '8-30', '8-25', '500', 'Trees and Shrubs', 'Eucalyptus ', 'ANC', 'R') ,
(91, 'B', 'leucoxylon ssp megalocarpa', 'large-fruited SA.blue gum', '6-12', '6-10', '400', 'Trees and Shrubs', 'Eucalyptus ', 'ANC', 'R') ,
(92, 'B', 'leucoxylon ssp pruinosa', 'inland blue gum', '6-20', '3-12', '400', 'Trees and Shrubs', 'Eucalyptus ', 'ANC', 'M') ,
(93, 'B', 'leucoxylon ssp stephaniae', 'scrubby blue gum', '4-15', '2-10', '450', 'Trees and Shrubs', 'Eucalyptus ', 'ANC', 'R') ,
(94, 'B', 'melliodora', 'yellow box', '20-35', '20-30', '400', 'Trees and Shrubs', 'Eucalyptus ', 'ANC', 'M') ,
(95, 'B', 'microcarpa', 'grey box', '6-20', '8-20', '500', 'Trees and Shrubs', 'Eucalyptus ', 'ANC', 'R') ,
(96, 'B', 'obliqua', 'messmate stringybark', '15-40', '12-25', '800', 'Trees and Shrubs', 'Eucalyptus ', 'AN', 'M') ,
(97, 'B', 'odorata', 'peppermint box', '7-15', '6-12', '350', 'Trees and Shrubs', 'Eucalyptus ', 'ANC', 'R') ,
(98, 'B', 'oleosa ssp oleosa', 'red mallee', '3-12', '3-12', '300', 'Trees and Shrubs', 'Eucalyptus ', 'ANC', 'R') ,
(99, 'B', 'ovata var. ovata', 'swamp gum', '6-20', '5-15', '650', 'Trees and Shrubs', 'Eucalyptus ', 'ANC', 'R') ,
(100, 'B', 'perriniana', 'spinning gum', '4-10', '4-8', '650', 'Trees and Shrubs', 'Eucalyptus ', 'AN/C', 'R') ,
(101, 'B', 'phenax ssp phenax', 'white mallee', '3-7', '3-5', '300', 'Trees and Shrubs', 'Eucalyptus ', 'ANC', 'R') ,
(102, 'B', 'polyanthemos', 'red box', '10-25', '5-15', '500', 'Trees and Shrubs', 'Eucalyptus ', 'AN', 'R') ,
(103, 'B', 'polybractea', 'blue mallee', '4-10', '4-8', '400', 'Trees and Shrubs', 'Eucalyptus ', 'ANC', 'M') ,
(104, 'B', 'porosa', 'mallee box', '5-14', '5-12', '300', 'Trees and Shrubs', 'Eucalyptus ', 'ANC', 'M') ,
(105, 'B', 'sideroxylon ssp. sideroxylon', 'red ironbark', '10-30', '8-15', '500', 'Trees and Shrubs', 'Eucalyptus ', 'ANC', 'R') ,
(106, 'B', 'socialis ssp socialis', 'red mallee', '4-8', '4-8', '250', 'Trees and Shrubs', 'Eucalyptus ', 'ANC', 'R') ,
(107, 'B', 'viminalis ssp cygnetensis', 'rough-barked manna gum', '6-20', '8-20', '550', 'Trees and Shrubs', 'Eucalyptus ', 'ANC', 'M') ,
(108, 'B', 'viminalis ssp viminalis', 'manna gum', '15-40', '12-30', '650', 'Trees and Shrubs', 'Eucalyptus ', 'AN', 'R') ,
(109, 'B', 'viridis', 'green mallee', '4-8', '3-5', '250', 'Trees and Shrubs', 'Eucalyptus ', 'ANC', 'M') ,
(110, 'G', 'behrii', 'golden pennants', '0.2-1', '0.3-1', '300', 'Trees and Shrubs', 'Glischrocaryon', 'ANC', 'M') ,
(111, 'G', 'amplexans', 'clasping goodenia', '0.5-1.2', '0.5-1', '400', 'Trees and Shrubs', 'Goodenia', 'ANC', 'M') ,
(112, 'G', 'ovata ', 'hop goodenia', '1-2.5', '1-3', '450', 'Trees and Shrubs', 'Goodenia', 'AN/C', 'M') ,
(113, 'G', 'huegelii', 'comb grevillea', '0.5-2.5', '1.5-3', '300', 'Trees and Shrubs', 'Grevillea', 'AN/C', 'M') ,
(114, 'G', 'ilicifolia ssp ilicifolia', 'holly grevillea', '0.1-2', '1-3', '400', 'Trees and Shrubs', 'Grevillea', 'ANC', 'M') ,
(115, 'G', 'pterosperma', 'desert grevillea', '2-3', '2-4', '250', 'Trees and Shrubs', 'Grevillea', 'ANC', 'R') ,
(116, 'B', 'mitchellii syn H. muelleriana', 'desert hakea', '1-4', '1-3', '350', 'Trees and Shrubs', 'Hakea', 'ANC', 'R') ,
(117, 'B', 'nodosa', 'yellow hakea', '1-3', '2-4', '600', 'Trees and Shrubs', 'Hakea', 'AN/C', 'M') ,
(118, 'B', 'rostrata', 'beaked hakea', '1-4', '1-3', '400', 'Trees and Shrubs', 'Hakea', 'ANC', 'M') ,
(119, 'B', 'rugosa', 'wrinkled hakea', '0.5-2.5', '1-2', '450', 'Trees and Shrubs', 'Hakea', 'AN/C', 'M') ,
(120, 'B', 'violacea Shrub form', 'native lilac', '1.5-2', '2-3', '500', 'Trees and Shrubs', 'Hardenbergia', 'ANC', 'M') ,
(121, 'B', 'violacea alba ', 'white native lilac', '1.5-2', '2-3', '500', 'Trees and Shrubs', 'Hardenbergia', 'ANC', 'M') ,
(122, 'B', 'violacea rosea', 'pink native lilac', '1.5-2', '2-3', '500', 'Trees and Shrubs', 'Hardenbergia', 'ANC', 'M') ,
(123, 'G', 'empetrifolia', 'scrambling guinea flower', '0.5-1', '1-2', '600', 'Trees and Shrubs', 'Hibbertia', 'AN', 'M') ,
(124, 'G', 'sericea', 'silky guinea flower', '0.2-0.4', '0.2-0.5', '350', 'Trees and Shrubs', 'Hibbertia', 'AN', 'M') ,
(125, 'G', 'floribundus', 'shrub violet', '0.5-1.5', '0.5-1.5', '450', 'Trees and Shrubs', 'Hybanthus', 'AN', 'M') ,
(126, 'B', 'ceratophyllus', 'wild Irishman', '0.5-1', '0.5-1', '500', 'Trees and Shrubs', 'Isopogon', 'AN/C', 'M') ,
(127, 'B', 'baueri', 'slender velvet bush', '05-1.5', '1-2', '400', 'Trees and Shrubs', 'Lasiopetalum', 'ANC', 'R') ,
(128, 'B', 'behrii', 'pink velvet bush', '0.5-1.5', '1-2', '400', 'Trees and Shrubs', 'Lasiopetalum', 'ANC', 'R') ,
(129, 'B', 'schulzenii', 'drooping velvet bush', '0.5-1.5', '0.5-2', '400', 'Trees and Shrubs', 'Lasiopetalum', 'ANC', 'M') ,
(130, 'B', 'continentale ', 'prickly tea tree', '1.5-4', '2-4', '500', 'Trees and Shrubs', 'Leptospermum', 'AN', 'R') ,
(131, 'B', 'coriaceum', 'green tea tree', '1-3', '2-4', '350', 'Trees and Shrubs', 'Leptospermum', 'ANC', 'R') ,
(132, 'B', 'lanigerum', 'woolly tea tree', '2-5', '1.5-4', '550', 'Trees and Shrubs', 'Leptospermum', 'AN/C', 'R') ,
(133, 'B', 'myrsinoides', 'silky tea tree', '1-4', '1-4', '450', 'Trees and Shrubs', 'Leptospermum', 'AN', 'R') ,
(134, 'B', 'brownii', 'cushion bush', '0.2-1', '1-2', '400', 'Trees and Shrubs', 'Leucophyta', 'ANC', 'M') ,
(135, 'G', 'parviflorus', 'coast beard heath', '2-4', '1-3', '500', 'Trees and Shrubs', 'Leucopogon', 'ANC', 'S') ,
(136, 'B', 'marginale', 'native flax', '0.3-0.6', '0.2-0.4', '500', 'Trees and Shrubs', 'Linum ', 'ANC', 'R') ,
(137, 'B', 'pyramidata', 'shrubby bluebush', '0.5-1', '0.5-1', '300', 'Trees and Shrubs', 'Maireana', 'ANC', 'R') ,
(138, 'B', 'sedifolia', 'pearl bluebush', '0.6-1.5', '0.6-2', '350', 'Trees and Shrubs', 'Maireana', 'ANC', 'R') ,
(139, 'B', 'acuminata ssp acuminata', 'mallee honey myrtle', '2-4', '2', '300', 'Trees and Shrubs', 'Melaleuca', 'ANC', 'M') ,
(140, 'B', 'armillaris', 'bracelet honey myrtle', '3-8', '3-5', '450', 'Trees and Shrubs', 'Melaleuca', 'ANC', 'M') ,
(141, 'B', 'brevifolia', 'white-flowered paperbark', '2-4', '2-4', '400', 'Trees and Shrubs', 'Melaleuca', 'ANC', 'R') ,
(142, 'B', 'decussata', 'cross-leaved honey myrtle', '2-5', '2-4', '450', 'Trees and Shrubs', 'Melaleuca', 'ANC', 'M') ,
(143, 'B', 'gibbosa', 'slender honey myrtle', '2-3', '2-3', '400', 'Trees and Shrubs', 'Melaleuca', 'ANC', 'M') ,
(144, 'B', 'halmaturorum', 'SA swamp paperbark', '2-6', '2-6', '350', 'Trees and Shrubs', 'Melaleuca', 'ANC', 'M') ,
(145, 'B', 'lanceolata', 'dryland tea tree', '3-8', '3-5', '250', 'Trees and Shrubs', 'Melaleuca', 'ANC', 'R') ,
(146, 'B', 'squamea', 'swamp honey myrtle', '1-3', '1-3', '500', 'Trees and Shrubs', 'Melaleuca', 'AN', 'R') ,
(147, 'B', 'squarrosa', 'scented paperbark', '2-5', '2-4', '550', 'Trees and Shrubs', 'Melaleuca', 'ANC', 'R') ,
(148, 'B', 'wilsonii', 'Wilson’s honey myrtle', '1-2', '1-3', '400', 'Trees and Shrubs', 'Melaleuca', 'ANC', 'M') ,
(149, 'G', 'ciliata', 'fringed heath myrtle', '0.5-1', '0.5-2', '500', 'Trees and Shrubs', 'Micromyrtus', 'AN/C', 'R') ,
(150, 'G', 'floribundum', 'slender myoporum', '2-3', '2-3', '500', 'Trees and Shrubs', 'Myoporum', 'AN/C', 'R') ,
(151, 'G', 'montanum', 'water bush', '1-2', '1.5-2.5', '400', 'Trees and Shrubs', 'Myoporum', 'ANC', 'R') ,
(152, 'B', 'petiolatum   ', 'sticky boobialla', '1-2.5', '1-3', '350', 'Trees and Shrubs', 'Myoporum', 'ANC', 'R') ,
(153, 'B', 'platycarpum', 'false sandalwood', '3-6', '2-4', '300', 'Trees and Shrubs', 'Myoporum', 'ANC', 'M') ,
(154, 'B', 'axillaris', 'coast daisy-bush', '2-3', '1.5-2', '400', 'Trees and Shrubs', 'Olearia', 'ANC', 'R') ,
(155, 'B', 'pannosa', 'silver-leaved daisy', '1-2', '1-2', '400', 'Trees and Shrubs', 'Olearia', 'ANC', 'R') ,
(156, 'G', 'phlogopappa', 'Otway daisy-bush', '1-2', '1-2', '550', 'Trees and Shrubs', 'Olearia', 'AN', 'M') ,
(157, 'B', 'pimeleoides', 'showy daisy-bush', '0.5-1', '0.5-1', '400', 'Trees and Shrubs', 'Olearia', 'ANC', 'M') ,
(158, 'B', 'ramulosa', 'twiggy daisy-bush', '1-1.5', '1-2', '500', 'Trees and Shrubs', 'Olearia', 'AN/C', 'M') ,
(159, 'G', 'angustifolia ssp angustifolia', 'narrow leaved wax flower', '1-1.5', '1-1.5', '450', 'Trees and Shrubs', 'Philotheca Syn:Eriostemon', 'AN/C', 'R') ,
(160, 'G', 'myoporoides ', 'native daphne', '1-2', '1-2', '550', 'Trees and Shrubs', 'Philotheca Syn:Eriostemon', 'AN/C', 'R') ,
(161, 'G', 'glauca', 'smooth rice flower', '0.1-1', '0.3-1.5', '400', 'Trees and Shrubs', 'Pimelea', 'ANC', 'M') ,
(162, 'B', 'obtusangulum', 'common flat pea', '0.3-1', '0.5-1', '550', 'Trees and Shrubs', 'Platylobium', 'AN', 'M') ,
(163, 'G', 'aspalathoides', 'scarlet mintbush', '0.5', '0.5', '400', 'Trees and Shrubs', 'Prostanthera', 'ANC', 'M') ,
(164, 'G', 'serpyllifolia ssp microphylla', 'small-leaved mintbush', '0.5', '0.5', '350', 'Trees and Shrubs', 'Prostanthera', 'ANC', 'M') ,
(165, 'B', 'daphnoides', 'long-leaved bush-pea', '1-2', '0.5-1', '550', 'Trees and Shrubs', 'Pultenaea', 'AN/C', 'M') ,
(166, 'B', 'largiflorens', 'twiggy bush-pea', '1-1.5', '0.5-1.5', '550', 'Trees and Shrubs', 'Pultenaea', 'AN/C', 'M') ,
(167, 'B', 'candolleana', 'seaberry saltbush', '1-1.5', '1-1.5', '350', 'Trees and Shrubs', 'Rhagodia', 'ANC', 'M') ,
(168, 'B', 'crassifolia', 'fleshy saltbush', '1.5', '1.5', '350', 'Trees and Shrubs', 'Rhagodia', 'ANC', 'R') ,
(169, 'B', 'parabolica', 'fragrant saltbush', '1-2', '1-2', '350', 'Trees and Shrubs', 'Rhagodia', 'ANC', 'R') ,
(170, 'B', 'artemisioides ssp artemisioides', 'silver cassia', '1-2.5', '1-2.5', '250', 'Trees and Shrubs', 'Senna', 'ANC', 'M') ,
(171, 'B', 'laciniatum', 'large kangaroo apple', '1-3', '1-3', '500', 'Trees and Shrubs', 'Solanum ', 'AN', 'M') ,
(172, 'G', 'smithii', 'lilly pilly', '5-15', '5-8', '550', 'Trees and Shrubs', 'Syzygium', 'ANC', 'M') ,
(173, 'G', 'ciliata', 'pink bells', '0.5', '0.5', '500', 'Trees and Shrubs', 'Tetratheca', 'AN', 'M') ,
(174, 'G', 'pilosa', 'pink-eyed susan', '0.2-0.5', '0.2-0.5', '550', 'Trees and Shrubs', 'Tetratheca', 'AN', 'M') ,
(175, 'G', 'thymifolia', 'black eyed susan', '0.5', '0.5', '500', 'Trees and Shrubs', 'Tetratheca', 'AN', 'M') ,
(176, 'B', 'petalocalyx', 'paper flower', '0.6', '0.6-1', '450', 'Trees and Shrubs', 'Thomasia', 'ANC', 'M') ,
(177, 'G', 'calycina', 'Grampians thryptomene', '1-2', '1-2', '600', 'Trees and Shrubs', 'Thryptomene', 'AN', 'M') ,
(178, 'B', 'juncea', 'golden spray', '4-6', '2-4', '650', 'Trees and Shrubs', 'Viminaria', 'AN/C', 'M') ,
(179, 'G', 'eremicola', 'slender westringia', '1-1.5', '1-1.5', '250', 'Trees and Shrubs', 'Westringia ', 'ANC', 'R') ,
(180, 'G', 'glabra', 'violet westringia', '1-1.5', '1-1.5', '550', 'Trees and Shrubs', 'Westringia ', 'AN/C', 'M') ,
(181, 'G', 'australis', 'austral bugle', '0.3', '0.5-1', '400', 'Groundcover', 'Ajuga', 'ANC', 'R') ,
(182, 'B', 'semibaccata', 'berry saltbush', '0.1-0.3', '1-3', '300', 'Groundcover', 'Atriplex', 'ANC', 'R') ,
(183, 'B', 'suberecta', 'lagoon saltbush', '0.1-0.6', '1-2', '300', 'Groundcover', 'Atriplex', 'ANC', 'R') ,
(184, 'G', 'multifida var. dilatata', 'cut-leaf daisy', '0.3', '0.5-1', '400', 'Groundcover', 'Brachyscome ', 'AN/C', 'R') ,
(185, 'B', 'rossii', 'karkalla', '0.1', '2-3', '300', 'Groundcover', 'Carpobrotus', 'ANC', 'R') ,
(186, 'G', 'baxteri', 'fringed everlasting', '0.2-0.4', '0.3-0.6', '450', 'Groundcover', 'Chrysocephalum ', 'ANC', 'M') ,
(187, 'G', 'blackiana', 'goodenia', '0.1-0.2', '0.2-0.5', '500', 'Groundcover', 'Goodenia', 'ANC', 'M') ,
(188, 'G', 'varia', 'sticky goodenia', '0.1-0.6', '0.5-1.5', '350', 'Groundcover', 'Goodenia', 'ANC', 'M') ,
(189, 'G', 'scorpioides', 'button everlasting', '0.2-0.5', '0.2-0.3', '400', 'Groundcover', 'Helichrysum', 'AN/C', 'R') ,
(190, 'G', 'obtusifolia', 'showy guinea flower', '0.1', '0.2-1', '500', 'Groundcover', 'Hibbertia', 'AN', 'M') ,
(191, 'G', 'riparia', 'erect guinea flower', '0.1-0.5', '0.3-0.8', '400', 'Groundcover', 'Hibbertia', 'AN', 'M') ,
(192, 'B', 'prostrata', 'running postman', '0.1', '1.5-4', '450', 'Groundcover', 'Kennedia', 'ANC', 'M') ,
(193, 'G', 'pomifera', 'muntries', '0.2', '2-4', '500', 'Groundcover', 'Kunzea', 'ANC', 'M') ,
(194, 'G', 'australe Low Form', 'austral storksbill', '0.3-0.7', '0.5-1.5', '400', 'Groundcover', 'Pelargonium', 'AN/C', 'M') ,
(195, 'G', 'pedunculata', 'trailing pratia', '0.1', '0.4-2', '500', 'Groundcover', 'Pratia', 'ANC', 'M') ,
(196, 'G', 'pedunculata', 'matted bush-pea', '0.1', '1-3', '500', 'Groundcover', 'Pultenaea', 'AN/C', 'M') ,
(197, 'G', 'albida', 'small fruited fan flower', '0.3-0.6', '0.6-1', '500', 'Groundcover', 'Scaevola', 'AN/C', 'R') ,
(198, 'G', 'calendulacea', 'dune fan flower', '0.4', '1', '500', 'Groundcover', 'Scaevola', 'ANC', 'M') ,
(199, 'G', 'hookeri', 'alpine fan flower', '0.1-0.2', '1-1.5', '500', 'Groundcover', 'Scaevola', 'AN', 'M') ,
(200, 'G', 'hederacea', 'native violet', '0.2', '1-4', '600', 'Groundcover', 'Viola', 'ANC', 'R') ,
(201, 'B', 'violacea Climbing form', 'native lilac', '1.5-2', '2-3', '500', 'Climbers', 'Hardenbergia', 'ANC', 'M') ,
(202, 'B', 'adpressa', 'climbing lignum', '3-4', '3-4', '500', 'Climbers', 'Muehlenbeckia', 'ANC', 'M') ,
(203, 'B', 'behriana', 'brush wiregrass', '0.15-.3', '0.2-0.3', '300', 'Grasses', 'Aristida ', 'ANC', 'R') ,
(204, 'B', 'caespitosa', 'common wallaby-grass', '0.2-0.8', '0.1-0.3', '300', 'Grasses', 'Austrodanthonia  syn. Danthonia', 'ANC', 'R') ,
(205, 'B', 'eriantha', 'hill wallaby-grass', '0.2-0.7', '0.4', '300', 'Grasses', 'Austrodanthonia  syn. Danthonia', 'ANC', 'R') ,
(206, 'B', 'fulva syn. A. linkii', 'wallaby-grass', '0.4-0.7', '0.5', '500', 'Grasses', 'Austrodanthonia  syn. Danthonia', 'ANC', 'R') ,
(207, 'B', 'geniculata', 'kneed wallaby-grass', '0.1-0.5', '0.1-0.3', '400', 'Grasses', 'Austrodanthonia  syn. Danthonia', 'ANC', 'R') ,
(208, 'B', 'pilosa', 'velvet wallaby-grass', '0.2-0.9', '0.4', '400', 'Grasses', 'Austrodanthonia  syn. Danthonia', 'ANC', 'R') ,
(209, 'B', 'elegantissima', 'elegant spear-grass', '1', '1', '350', 'Grasses', 'Austrostipa  syn. Stipa', 'ANC', 'R') ,
(210, 'B', 'nodosa', 'spear-grass', '0.5-1', '0.5-1', '350', 'Grasses', 'Austrostipa  syn. Stipa', 'ANC', 'R') ,
(211, 'B', 'macra', 'red-leg grass', '0.4-0.8', '0.4-0.8', '300', 'Grasses', 'Bothriochloa', 'ANC', 'R') ,
(212, 'B', 'distichophylla', 'emu-grass', '0.4', '1-2', '350', 'Grasses', 'Distichlis', 'ANC', 'R') ,
(213, 'B', 'scaber var scaber', 'common wheat-grass', '0.2-1', '0.3-0.5', '300', 'Grasses', 'Elymus', 'ANC', 'R') ,
(214, 'B', 'nigricans', 'bottle washers', '0.2-0.5', '0.5', '350', 'Grasses', 'Enneapogon', 'ANC', 'R') ,
(215, 'B', 'labillardieri ', 'tussock grass ', '0.3-1', '0.3-0.7', '400', 'Grasses', 'Poa', 'ANC', 'R') ,
(216, 'B', 'poiformis', 'blue tussock grass', '0.6-1.2', '0.5-1.5', '350', 'Grasses', 'Poa', 'ANC', 'R') ,
(217, 'B', 'sieberiana', 'grey tussock grass', '0.3-0.8', '0.3-0.8', '500', 'Grasses', 'Poa', 'ANC', 'M') ,
(218, 'B', 'scariosa', 'porcupine grass', '0.6', '1', '300', 'Grasses', 'Triodia', 'ANC', 'M') ,
(219, 'B', 'tasmanica', 'Tasman flax-lily', '0.6-1.7', '0.5-2', '650', 'Other Strap-leaved Plants', 'Dianella', 'AN', 'M') ,
(220, 'B', 'moraea', 'butterfly flag', '0.3-0.6', '0.5-1', '550', 'Other Strap-leaved Plants', 'Diplarrena', 'ANC', 'R') ,
(221, 'B', 'effusa', 'scented mat-rush', '0.2-0.5', '0.2-0.5', '400', 'Other Strap-leaved Plants', 'Lomandra', 'ANC', 'M') ,
(222, 'B', 'longifolia', 'spiny headed mat-rush', '0.5-1', '0.5-1', '500', 'Other Strap-leaved Plants', 'Lomandra', 'ANC', 'R') ,
(223, 'B', 'micrantha ssp micrantha', 'small-flowered mat-rush', '0.2-0.8', '0.2-0.8', '500', 'Other Strap-leaved Plants', 'Lomandra', 'ANC', 'R') ,
(224, 'B', 'multiflorus', 'morning iris', '0.3-0.6', '0.4-1', '450', 'Other Strap-leaved Plants', 'Orthrosanthus', 'ANC', 'M') ,
(225, 'B', 'occidentalis', 'long purple flag', '0.5', '0.5', '500', 'Other Strap-leaved Plants', 'Patersonia', 'AN', 'M') ,
(226, 'B', 'australis', 'Austral grass tree', '0.5-2', '0.6-1', '500', 'Other Strap-leaved Plants', 'Xanthorrhoea', 'ANC', 'R') ,
(227, 'B', 'strictum', 'vanilla lily', '0.4', '0.4', '400', 'Bulbs and Lilies', 'Arthropodium ', 'ANC', 'M') ,
(228, 'B', 'bulbosa', 'native leek', '0.3', '0.3', '500', 'Bulbs and Lilies', 'Bulbine ', 'ANC', 'M') ,
(229, 'B', 'umbellata', 'milkmaids', '0.3', '0.2', '500', 'Bulbs and Lilies', 'Burchardia', 'ANC', 'M') ,
(230, 'B', 'purpureum', 'purple bells', '0.2-0.5', '0.2', '400', 'Bulbs and Lilies', 'Calostemma', 'ANC', 'M') ,
(231, 'G', 'asiatica', 'pennywort', '0.1-0.4', '0.5-1', '500', 'Aquatic and Riparian Zone Plants', 'Centella', 'ANC', 'S') ,
(232, 'G', 'anceps  syn: alata', 'angled lobelia', '0.1-0.3', '0.3-2', '500', 'Aquatic and Riparian Zone Plants', 'Lobelia ', 'AN/C', 'M') ,
(233, 'G', 'pumilio', 'swamp mazus', '0.1', '1', '600', 'Aquatic and Riparian Zone Plants', 'Mazus ', 'ANC', 'M') ,
(234, 'G', 'australis', 'river mint', '0.3-0.8', '0.3-1.5', '600', 'Aquatic and Riparian Zone Plants', 'Mentha ', 'AN', 'M') ,
(235, 'G', 'repens', 'creeping monkey flower', '0.2', '1-2', '500', 'Aquatic and Riparian Zone Plants', 'Mimulus ', 'ANC', 'M') ,
(236, 'B', 'fascicularis', 'tassel sedge', '1', '1', 'AQU', 'Rushes and Sedges', 'Carex', 'ANC', 'R') ,
(237, 'B', 'gunniana', 'mountain sedge', '0.2-0.7', '0.5-1', 'AQU', 'Rushes and Sedges', 'Carex', 'ANC', 'M') ,
(238, 'B', 'acuta', 'common spike rush', '0.3-0.9', '2-3', 'AQU', 'Rushes and Sedges', 'Eleocharis', 'AN/C', 'M') ,
(239, 'B', 'filum', 'chaffy saw sedge', '1-1.5', '1-1.5', '550', 'Rushes and Sedges', 'Gahnia', 'AN/C', 'R') ,
(240, 'B', 'inundata', 'swamp club rush', '0.5', '0.5-1', 'AQU', 'Rushes and Sedges', 'Isolepis ', 'ANC', 'R') ,
(241, 'B', 'validus', 'river club-rush', '1.5-2.5', '1.5-3', 'AQU', 'Rushes and Sedges', 'Schoenoplectus ', 'ANC', 'R');

INSERT INTO PLANT_SOIL_TEX VALUES (0, 'Sa'),
 (0, 'Lo'),
 (0, 'Cl'),
 (1, 'Sa'),
 (1, 'Lo'),
 (1, 'Li'),
 (2, 'Sa'),
 (2, 'Lo'),
 (2, 'Cl'),
 (2, 'Li'),
 (3, 'Sa'),
 (3, 'Lo'),
 (3, 'Cl'),
 (3, 'Li'),
 (4, 'Sa'),
 (4, 'Lo'),
 (4, 'Li'),
 (5, 'Lo'),
 (5, 'Cl'),
 (6, 'Sa'),
 (6, 'Lo'),
 (7, 'Sa'),
 (7, 'Lo'),
 (7, 'Cl'),
 (8, 'Sa'),
 (8, 'Lo'),
 (9, 'Lo'),
 (9, 'Cl'),
 (10, 'Sa'),
 (10, 'Lo'),
 (10, 'Cl'),
 (10, 'Li'),
 (11, 'Sa'),
 (11, 'Lo'),
 (11, 'Cl'),
 (12, 'Sa'),
 (12, 'Lo'),
 (13, 'Lo'),
 (13, 'Cl'),
 (14, 'Sa'),
 (14, 'Cl'),
 (14, 'Lo'),
 (14, 'Li'),
 (15, 'Sa'),
 (15, 'Cl'),
 (15, 'Lo'),
 (15, 'Li'),
 (16, 'Lo'),
 (16, 'Cl'),
 (17, 'Lo'),
 (17, 'Li'),
 (17, 'Cl'),
 (18, 'Sa'),
 (18, 'Lo'),
 (18, 'Cl'),
 (18, 'Li'),
 (19, 'Lo'),
 (19, 'Cl'),
 (20, 'Sa'),
 (20, 'Lo'),
 (20, 'Cl'),
 (21, 'Sa'),
 (21, 'Lo'),
 (21, 'Cl'),
 (22, 'Lo'),
 (22, 'Cl'),
 (23, 'Sa'),
 (23, 'Lo'),
 (23, 'Cl'),
 (23, 'Li'),
 (24, 'Sa'),
 (24, 'Lo'),
 (24, 'Cl'),
 (24, 'Li'),
 (25, 'Lo'),
 (25, 'Cl'),
 (26, 'Sa'),
 (26, 'Lo'),
 (26, 'Cl'),
 (26, 'Li'),
 (27, 'Sa'),
 (27, 'Lo'),
 (27, 'Cl'),
 (28, 'Lo'),
 (28, 'Cl'),
 (29, 'Cl'),
 (29, 'Lo'),
 (29, 'Li'),
 (30, 'Sa'),
 (30, 'Lo'),
 (31, 'Sa'),
 (31, 'Lo'),
 (31, 'Cl'),
 (32, 'Sa'),
 (32, 'Lo'),
 (32, 'Cl'),
 (33, 'Sa'),
 (33, 'Lo'),
 (33, 'Cl'),
 (33, 'Li'),
 (34, 'Sa'),
 (34, 'Lo'),
 (34, 'Cl'),
 (34, 'Li'),
 (35, 'Sa'),
 (35, 'Lo'),
 (35, 'Cl'),
 (35, 'Li'),
 (36, 'Sa'),
 (36, 'Lo'),
 (36, 'Cl'),
 (36, 'Li'),
 (37, 'Sa'),
 (37, 'Li'),
 (38, 'Sa'),
 (38, 'Lo'),
 (38, 'Cl'),
 (39, 'Sa'),
 (39, 'Lo'),
 (40, 'Sa'),
 (40, 'Lo'),
 (40, 'Cl'),
 (41, 'Sa'),
 (41, 'Lo'),
 (41, 'Li'),
 (42, 'Sa'),
 (42, 'Lo'),
 (42, 'Cl'),
 (43, 'Sa'),
 (43, 'Lo'),
 (43, 'Cl'),
 (44, 'Sa'),
 (44, 'Lo'),
 (45, 'Sa'),
 (45, 'Lo'),
 (46, 'Sa'),
 (46, 'Lo'),
 (46, 'Cl'),
 (47, 'Lo'),
 (47, 'Cl'),
 (48, 'Sa'),
 (48, 'Lo'),
 (49, 'Sa'),
 (49, 'Lo'),
 (49, 'Cl'),
 (50, 'Lo'),
 (50, 'Cl'),
 (50, 'Li'),
 (51, 'Sa'),
 (51, 'Lo'),
 (51, 'Cl'),
 (51, 'Li'),
 (52, 'Sa'),
 (52, 'Lo'),
 (52, 'Cl'),
 (53, 'Sa'),
 (53, 'Lo'),
 (53, 'Cl'),
 (54, 'Lo'),
 (54, 'Cl'),
 (55, 'Sa'),
 (55, 'Lo'),
 (55, 'Cl'),
 (55, 'Li'),
 (56, 'Lo'),
 (56, 'Cl'),
 (56, 'Li'),
 (57, 'Sa'),
 (57, 'Lo'),
 (57, 'Cl'),
 (58, 'Sa'),
 (58, 'Lo'),
 (58, 'Cl'),
 (58, 'Li'),
 (59, 'Sa'),
 (59, 'Lo'),
 (59, 'Cl'),
 (60, 'Sa'),
 (60, 'Lo'),
 (60, 'Cl'),
 (60, 'Li'),
 (61, 'Lo'),
 (61, 'Cl'),
 (62, 'Sa'),
 (62, 'Lo'),
 (62, 'Cl'),
 (63, 'Sa'),
 (63, 'Lo'),
 (63, 'Cl'),
 (64, 'Sa'),
 (64, 'Lo'),
 (64, 'Cl'),
 (65, 'Sa'),
 (65, 'Lo'),
 (65, 'Li'),
 (66, 'Sa'),
 (66, 'Cl'),
 (66, 'Li'),
 (67, 'Sa'),
 (67, 'Lo'),
 (67, 'Cl'),
 (67, 'Li'),
 (68, 'Sa'),
 (68, 'Lo'),
 (68, 'Cl'),
 (68, 'Li'),
 (69, 'Sa'),
 (69, 'Lo'),
 (69, 'Cl'),
 (69, 'Li'),
 (70, 'Sa'),
 (70, 'Lo'),
 (70, 'Cl'),
 (70, 'Li'),
 (71, 'Sa'),
 (71, 'Lo'),
 (71, 'Cl'),
 (71, 'Li'),
 (72, 'Sa'),
 (72, 'Lo'),
 (72, 'Cl'),
 (73, 'Sa'),
 (73, 'Lo'),
 (74, 'Sa'),
 (74, 'Lo'),
 (74, 'Cl'),
 (75, 'Sa'),
 (75, 'Lo'),
 (75, 'Cl'),
 (76, 'Sa'),
 (76, 'Lo'),
 (76, 'Li'),
 (77, 'Lo'),
 (77, 'Cl'),
 (78, 'Sa'),
 (78, 'Lo'),
 (78, 'Cl'),
 (79, 'Sa'),
 (79, 'Lo'),
 (79, 'Li'),
 (80, 'Lo'),
 (80, 'Cl'),
 (81, 'Sa'),
 (81, 'Lo'),
 (81, 'Li'),
 (82, 'Lo'),
 (82, 'Cl'),
 (82, 'Li'),
 (83, 'Sa'),
 (83, 'Lo'),
 (83, 'Cl'),
 (84, 'Sa'),
 (84, 'Lo'),
 (84, 'Cl'),
 (85, 'Sa'),
 (85, 'Lo'),
 (85, 'Cl'),
 (86, 'Sa'),
 (86, 'Lo'),
 (86, 'Li'),
 (87, 'Sa'),
 (87, 'Lo'),
 (88, 'Lo'),
 (88, 'Cl'),
 (89, 'Sa'),
 (89, 'Lo'),
 (89, 'Li'),
 (90, 'Sa'),
 (90, 'Lo'),
 (90, 'Cl'),
 (91, 'Sa'),
 (91, 'Lo'),
 (91, 'Cl'),
 (91, 'Li'),
 (92, 'Sa'),
 (92, 'Lo'),
 (92, 'Cl'),
 (93, 'Sa'),
 (93, 'Lo'),
 (93, 'Cl'),
 (93, 'Li'),
 (94, 'Lo'),
 (94, 'Cl'),
 (95, 'Lo'),
 (95, 'Cl'),
 (95, 'Li'),
 (96, 'Lo'),
 (96, 'Cl'),
 (97, 'Sa'),
 (97, 'Lo'),
 (97, 'Cl'),
 (98, 'Sa'),
 (98, 'Lo'),
 (98, 'Li'),
 (99, 'Sa'),
 (99, 'Lo'),
 (99, 'Cl'),
 (100, 'Sa'),
 (100, 'Lo'),
 (100, 'Cl'),
 (101, 'Sa'),
 (101, 'Lo'),
 (101, 'Cl'),
 (101, 'Li'),
 (102, 'Sa'),
 (102, 'Lo'),
 (102, 'Cl'),
 (103, 'Sa'),
 (103, 'Lo'),
 (103, 'Cl'),
 (104, 'Sa'),
 (104, 'Lo'),
 (104, 'Cl'),
 (104, 'Li'),
 (105, 'Lo'),
 (105, 'Cl'),
 (106, 'Sa'),
 (106, 'Lo'),
 (106, 'Li'),
 (107, 'Sa'),
 (107, 'Lo'),
 (107, 'Cl'),
 (108, 'Sa'),
 (108, 'Lo'),
 (108, 'Cl'),
 (109, 'Sa'),
 (109, 'Lo'),
 (109, 'Cl'),
 (109, 'Li'),
 (110, 'Sa'),
 (110, 'Lo'),
 (110, 'Cl'),
 (111, 'Sa'),
 (111, 'Lo'),
 (111, 'Cl'),
 (112, 'Sa'),
 (112, 'Lo'),
 (112, 'Cl'),
 (113, 'Sa'),
 (113, 'Lo'),
 (114, 'Sa'),
 (114, 'Lo'),
 (114, 'Cl'),
 (115, 'Sa'),
 (115, 'Lo'),
 (116, 'Sa'),
 (116, 'Lo'),
 (116, 'Cl'),
 (116, 'Li'),
 (117, 'Lo'),
 (117, 'Cl'),
 (118, 'Sa'),
 (118, 'Lo'),
 (118, 'Cl'),
 (119, 'Sa'),
 (119, 'Lo'),
 (119, 'Cl'),
 (120, 'Sa'),
 (120, 'Lo'),
 (120, 'Cl'),
 (121, 'Sa'),
 (121, 'Lo'),
 (121, 'Cl'),
 (122, 'Sa'),
 (122, 'Lo'),
 (122, 'Cl'),
 (123, 'Sa'),
 (123, 'Lo'),
 (123, 'Cl'),
 (124, 'Sa'),
 (124, 'Lo'),
 (125, 'Lo'),
 (125, 'Cl'),
 (126, 'Sa'),
 (126, 'Lo'),
 (127, 'Sa'),
 (127, 'Lo'),
 (127, 'Li'),
 (128, 'Sa'),
 (128, 'Lo'),
 (128, 'Li'),
 (129, 'Sa'),
 (129, 'Lo'),
 (129, 'Li'),
 (130, 'Sa'),
 (130, 'Lo'),
 (130, 'Cl'),
 (131, 'Sa'),
 (131, 'Lo'),
 (131, 'Li'),
 (132, 'Lo'),
 (132, 'Cl'),
 (133, 'Sa'),
 (133, 'Lo'),
 (133, 'Cl'),
 (134, 'Sa'),
 (134, 'Lo'),
 (134, 'Li'),
 (135, 'Sa'),
 (135, 'Lo'),
 (136, 'Sa'),
 (136, 'Lo'),
 (136, 'Cl'),
 (137, 'Sa'),
 (137, 'Cl'),
 (137, 'Lo'),
 (138, 'Sa'),
 (138, 'Lo'),
 (138, 'Cl'),
 (139, 'Sa'),
 (139, 'Lo'),
 (139, 'Li'),
 (140, 'Sa'),
 (140, 'Lo'),
 (140, 'Cl'),
 (141, 'Sa'),
 (141, 'Lo'),
 (141, 'Cl'),
 (141, 'Li'),
 (142, 'Lo'),
 (142, 'Cl'),
 (142, 'Li'),
 (143, 'Sa'),
 (143, 'Lo'),
 (143, 'Cl'),
 (143, 'Li'),
 (144, 'Sa'),
 (144, 'Lo'),
 (144, 'Cl'),
 (144, 'Li'),
 (145, 'Sa'),
 (145, 'Lo'),
 (145, 'Cl'),
 (145, 'Li'),
 (146, 'Sa'),
 (146, 'Lo'),
 (146, 'Cl'),
 (147, 'Sa'),
 (147, 'Lo'),
 (147, 'Cl'),
 (148, 'Sa'),
 (148, 'Lo'),
 (148, 'Cl'),
 (148, 'Li'),
 (149, 'Sa'),
 (149, 'Lo'),
 (150, 'Sa'),
 (150, 'Lo'),
 (150, 'Cl'),
 (151, 'Sa'),
 (151, 'Lo'),
 (151, 'Cl'),
 (152, 'Sa'),
 (152, 'Lo'),
 (152, 'Cl'),
 (153, 'Sa'),
 (153, 'Lo'),
 (153, 'Li'),
 (154, 'Sa'),
 (154, 'Lo'),
 (154, 'Cl'),
 (154, 'Li'),
 (155, 'Sa'),
 (155, 'Lo'),
 (155, 'Cl'),
 (156, 'Sa'),
 (156, 'Lo'),
 (156, 'Cl'),
 (157, 'Sa'),
 (157, 'Lo'),
 (157, 'Li'),
 (158, 'Sa'),
 (158, 'Lo'),
 (158, 'Cl'),
 (159, 'Sa'),
 (159, 'Lo'),
 (159, 'Cl'),
 (160, 'Lo'),
 (160, 'Cl'),
 (161, 'Sa'),
 (161, 'Lo'),
 (162, 'Sa'),
 (162, 'Lo'),
 (162, 'Cl'),
 (163, 'Sa'),
 (163, 'Lo'),
 (164, 'Sa'),
 (164, 'Lo'),
 (165, 'Sa'),
 (165, 'Lo'),
 (165, 'Cl'),
 (166, 'Sa'),
 (166, 'Lo'),
 (166, 'Cl'),
 (167, 'Sa'),
 (167, 'Lo'),
 (167, 'Cl'),
 (167, 'Li'),
 (168, 'Sa'),
 (168, 'Lo'),
 (168, 'Cl'),
 (169, 'Sa'),
 (169, 'Lo'),
 (169, 'Cl'),
 (170, 'Sa'),
 (170, 'Lo'),
 (170, 'Li'),
 (171, 'Sa'),
 (171, 'Lo'),
 (171, 'Cl'),
 (172, 'Sa'),
 (172, 'Lo'),
 (172, 'Cl'),
 (173, 'Sa'),
 (173, 'Lo'),
 (174, 'Sa'),
 (174, 'Lo'),
 (174, 'Cl'),
 (175, 'Sa'),
 (175, 'Lo'),
 (175, 'Cl'),
 (176, 'Sa'),
 (176, 'Lo'),
 (177, 'Sa'),
 (177, 'Lo'),
 (177, 'Cl'),
 (178, 'Sa'),
 (178, 'Lo'),
 (178, 'Cl'),
 (179, 'Sa'),
 (179, 'Lo'),
 (179, 'Cl'),
 (179, 'Li'),
 (180, 'Lo'),
 (180, 'Cl'),
 (181, 'Sa'),
 (181, 'Lo'),
 (181, 'Cl'),
 (182, 'Sa'),
 (182, 'Lo'),
 (182, 'Cl'),
 (183, 'Sa'),
 (183, 'Lo'),
 (183, 'Cl'),
 (184, 'Sa'),
 (184, 'Lo'),
 (184, 'Cl'),
 (185, 'Sa'),
 (185, 'Lo'),
 (185, 'Cl'),
 (186, 'Sa'),
 (186, 'Lo'),
 (186, 'Cl'),
 (187, 'Sa'),
 (187, 'Lo'),
 (187, 'Cl'),
 (188, 'Sa'),
 (188, 'Lo'),
 (188, 'Cl'),
 (188, 'Li'),
 (189, 'Sa'),
 (189, 'Lo'),
 (189, 'Cl'),
 (190, 'Sa'),
 (190, 'Lo'),
 (191, 'Sa'),
 (191, 'Lo'),
 (191, 'Cl'),
 (192, 'Sa'),
 (192, 'Lo'),
 (192, 'Cl'),
 (193, 'Sa'),
 (193, 'Lo'),
 (193, 'Li'),
 (194, 'Sa'),
 (194, 'Lo'),
 (194, 'Cl'),
 (195, 'Sa'),
 (195, 'Lo'),
 (195, 'Cl'),
 (196, 'Sa'),
 (196, 'Lo'),
 (196, 'Cl'),
 (197, 'Sa'),
 (197, 'Lo'),
 (197, 'Cl'),
 (198, 'Sa'),
 (198, 'Lo'),
 (199, 'Lo'),
 (199, 'Cl'),
 (200, 'Lo'),
 (200, 'Cl'),
 (201, 'Sa'),
 (201, 'Lo'),
 (201, 'Cl'),
 (202, 'Sa'),
 (202, 'Lo'),
 (203, 'Sa'),
 (203, 'Lo'),
 (203, 'Cl'),
 (204, 'Sa'),
 (204, 'Lo'),
 (204, 'Cl'),
 (205, 'Sa'),
 (205, 'Lo'),
 (205, 'Cl'),
 (206, 'Sa'),
 (206, 'Lo'),
 (206, 'Cl'),
 (207, 'Sa'),
 (207, 'Lo'),
 (207, 'Cl'),
 (208, 'Sa'),
 (208, 'Lo'),
 (208, 'Cl'),
 (209, 'Sa'),
 (209, 'Lo'),
 (209, 'Cl'),
 (210, 'Sa'),
 (210, 'Lo'),
 (210, 'Cl'),
 (211, 'Sa'),
 (211, 'Lo'),
 (211, 'Cl'),
 (211, 'Li'),
 (212, 'Sa'),
 (212, 'Lo'),
 (212, 'Cl'),
 (213, 'Sa'),
 (213, 'Lo'),
 (213, 'Cl'),
 (214, 'Sa'),
 (214, 'Lo'),
 (214, 'Cl'),
 (215, 'Sa'),
 (215, 'Lo'),
 (215, 'Cl'),
 (216, 'Sa'),
 (216, 'Lo'),
 (216, 'Cl'),
 (217, 'Sa'),
 (217, 'Lo'),
 (217, 'Cl'),
 (218, 'Sa'),
 (218, 'Lo'),
 (219, 'Sa'),
 (219, 'Lo'),
 (219, 'Cl'),
 (220, 'Sa'),
 (220, 'Lo'),
 (220, 'Cl'),
 (221, 'Sa'),
 (221, 'Lo'),
 (222, 'Sa'),
 (222, 'Lo'),
 (222, 'Cl'),
 (223, 'Sa'),
 (223, 'Lo'),
 (223, 'Cl'),
 (224, 'Sa'),
 (224, 'Lo'),
 (224, 'Cl'),
 (225, 'Lo'),
 (225, 'Cl'),
 (226, 'Sa'),
 (226, 'Lo'),
 (226, 'Cl'),
 (227, 'Sa'),
 (227, 'Lo'),
 (227, 'Cl'),
 (228, 'Sa'),
 (228, 'Lo'),
 (228, 'Cl'),
 (229, 'Sa'),
 (229, 'Lo'),
 (229, 'Cl'),
 (230, 'Sa'),
 (230, 'Lo'),
 (230, 'Cl'),
 (231, 'Sa'),
 (231, 'Lo'),
 (231, 'Cl'),
 (232, 'Lo'),
 (232, 'Cl'),
 (233, 'Sa'),
 (233, 'Lo'),
 (233, 'Cl'),
 (234, 'Sa'),
 (234, 'Lo'),
 (234, 'Cl'),
 (235, 'Sa'),
 (235, 'Lo'),
 (235, 'Cl'),
 (236, 'Sa'),
 (236, 'Lo'),
 (236, 'Cl'),
 (237, 'Sa'),
 (237, 'Lo'),
 (237, 'Cl'),
 (238, 'Sa'),
 (238, 'Lo'),
 (238, 'Cl'),
 (239, 'Sa'),
 (239, 'Lo'),
 (240, 'Sa'),
 (240, 'Lo'),
 (240, 'Cl'),
 (241, 'Sa'),
 (241, 'Lo'),
 (241, 'Cl');
 
 INSERT INTO PLANT_FLOWER VALUES (0, 'W'),
 (0, 'Sp'),
 (1, 'W'),
 (1, 'Sp'),
 (2, 'W'),
 (2, 'Sp'),
 (3, 'W'),
 (3, 'Sp'),
 (4, 'W'),
 (4, 'Sp'),
 (5, 'W'),
 (5, 'Sp'),
 (6, 'W'),
 (6, 'Sp'),
 (7, 'W'),
 (7, 'Sp'),
 (8, 'W'),
 (8, 'Sp'),
 (9, 'Sp'),
 (10, 'Sp'),
 (11, 'Sp'),
 (12, 'W'),
 (12, 'Sp'),
 (13, 'W'),
 (13, 'Sp'),
 (14, 'W'),
 (14, 'Sp'),
 (15, 'Sp'),
 (16, 'Sp'),
 (17, 'W'),
 (17, 'Sp'),
 (18, 'Sp'),
 (19, 'A'),
 (19, 'W'),
 (19, 'Sp'),
 (20, 'W'),
 (20, 'Sp'),
 (21, 'W'),
 (21, 'Sp'),
 (22, 'W'),
 (22, 'Sp'),
 (23, 'W'),
 (23, 'Sp'),
 (24, 'Sp'),
 (24, 'S'),
 (25, 'W'),
 (25, 'Sp'),
 (26, 'Sp'),
 (27, 'W'),
 (27, 'Sp'),
 (27, 'S'),
 (28, 'W'),
 (28, 'Sp'),
 (28, 'S'),
 (29, 'W'),
 (29, 'Sp'),
 (30, 'Sp'),
 (30, 'S'),
 (31, 'Sp'),
 (32, 'Sp'),
 (32, 'S'),
 (33, 'A'),
 (33, 'W'),
 (33, 'Sp'),
 (34, 'A'),
 (34, 'W'),
 (35, 'A'),
 (35, 'W'),
 (36, 'A'),
 (36, 'W'),
 (37, 'F'),
 (38, 'F'),
 (39, 'F'),
 (40, 'F'),
 (41, 'Sp'),
 (41, 'S'),
 (42, 'F'),
 (43, 'Sp'),
 (43, 'S'),
 (43, 'A'),
 (44, 'A'),
 (44, 'W'),
 (45, 'Sp'),
 (46, 'A'),
 (46, 'W'),
 (47, 'F'),
 (48, 'A'),
 (48, 'W'),
 (48, 'Sp'),
 (49, 'Sp'),
 (49, 'S'),
 (50, 'Sp'),
 (50, 'S'),
 (51, 'S'),
 (51, 'A'),
 (52, 'Sp'),
 (52, 'S'),
 (53, 'Sp'),
 (53, 'S'),
 (54, 'Sp'),
 (55, 'W'),
 (55, 'Sp'),
 (56, 'S'),
 (57, 'Sp'),
 (58, 'S'),
 (58, 'A'),
 (59, 'A'),
 (59, 'W'),
 (59, 'Sp'),
 (60, 'A'),
 (60, 'W'),
 (61, 'S'),
 (61, 'W'),
 (61, 'Sp'),
 (62, 'S'),
 (62, 'A'),
 (63, 'Sp'),
 (64, 'Sp'),
 (65, 'Sp'),
 (65, 'S'),
 (66, 'Sp'),
 (66, 'S'),
 (67, 'Sp'),
 (67, 'S'),
 (68, 'Sp'),
 (68, 'S'),
 (69, 'W'),
 (69, 'Sp'),
 (69, 'S'),
 (70, 'Sp'),
 (70, 'S'),
 (71, 'W'),
 (71, 'Sp'),
 (72, 'S'),
 (72, 'W'),
 (73, 'S'),
 (73, 'A'),
 (74, 'S'),
 (74, 'A'),
 (75, 'S'),
 (75, 'A'),
 (76, 'Sp'),
 (76, 'S'),
 (77, 'S'),
 (77, 'A'),
 (78, 'S'),
 (79, 'Sp'),
 (80, 'Sp'),
 (80, 'S'),
 (81, 'W'),
 (81, 'Sp'),
 (82, 'W'),
 (82, 'Sp'),
 (82, 'S'),
 (83, 'S'),
 (83, 'A'),
 (84, 'W'),
 (84, 'Sp'),
 (85, 'S'),
 (86, 'A'),
 (86, 'W'),
 (86, 'Sp'),
 (87, 'Sp'),
 (87, 'S'),
 (88, 'Sp'),
 (88, 'S'),
 (89, 'A'),
 (89, 'W'),
 (89, 'Sp'),
 (90, 'A'),
 (90, 'W'),
 (91, 'A'),
 (91, 'W'),
 (91, 'Sp'),
 (92, 'S'),
 (93, 'A'),
 (93, 'W'),
 (93, 'Sp'),
 (94, 'Sp'),
 (94, 'S'),
 (94, 'A'),
 (95, 'S'),
 (95, 'W'),
 (96, 'S'),
 (97, 'F'),
 (98, 'W'),
 (98, 'Sp'),
 (99, 'A'),
 (99, 'W'),
 (100, 'S'),
 (101, 'S'),
 (101, 'A'),
 (102, 'Sp'),
 (102, 'S'),
 (103, 'Sp'),
 (104, 'Sp'),
 (105, 'A'),
 (105, 'W'),
 (106, 'Sp'),
 (106, 'S'),
 (107, 'S'),
 (107, 'A'),
 (108, 'Sp'),
 (108, 'S'),
 (108, 'A'),
 (109, 'S'),
 (110, 'Sp'),
 (110, 'S'),
 (111, 'Sp'),
 (111, 'S'),
 (112, 'Sp'),
 (112, 'S'),
 (113, 'Sp'),
 (114, 'W'),
 (114, 'Sp'),
 (114, 'S'),
 (115, 'Sp'),
 (115, 'S'),
 (116, 'S'),
 (117, 'A'),
 (117, 'W'),
 (118, 'W'),
 (118, 'Sp'),
 (119, 'W'),
 (119, 'Sp'),
 (120, 'W'),
 (120, 'Sp'),
 (121, 'W'),
 (121, 'Sp'),
 (122, 'W'),
 (122, 'Sp'),
 (123, 'Sp'),
 (124, 'Sp'),
 (125, 'A'),
 (125, 'W'),
 (125, 'Sp'),
 (126, 'Sp'),
 (127, 'Sp'),
 (127, 'S'),
 (128, 'W'),
 (128, 'Sp'),
 (129, 'Sp'),
 (129, 'S'),
 (130, 'Sp'),
 (130, 'S'),
 (131, 'W'),
 (131, 'Sp'),
 (132, 'Sp'),
 (132, 'S'),
 (133, 'Sp'),
 (134, 'Sp'),
 (134, 'S'),
 (135, 'Sp'),
 (136, 'W'),
 (136, 'Sp'),
 (137, 'F'),
 (138, 'W'),
 (138, 'Sp'),
 (139, 'Sp'),
 (140, 'Sp'),
 (141, 'Sp'),
 (141, 'S'),
 (142, 'Sp'),
 (142, 'S'),
 (143, 'S'),
 (144, 'Sp'),
 (144, 'S'),
 (145, 'Sp'),
 (145, 'S'),
 (146, 'Sp'),
 (147, 'Sp'),
 (147, 'S'),
 (148, 'Sp'),
 (149, 'Sp'),
 (149, 'S'),
 (150, 'Sp'),
 (150, 'S'),
 (151, 'Sp'),
 (152, 'W'),
 (152, 'Sp'),
 (152, 'S'),
 (153, 'Sp'),
 (154, 'Sp'),
 (155, 'Sp'),
 (156, 'Sp'),
 (157, 'W'),
 (157, 'Sp'),
 (158, 'Sp'),
 (158, 'S'),
 (159, 'Sp'),
 (160, 'W'),
 (160, 'Sp'),
 (161, 'W'),
 (161, 'Sp'),
 (161, 'S'),
 (162, 'Sp'),
 (162, 'S'),
 (163, 'Sp'),
 (163, 'S'),
 (164, 'W'),
 (164, 'Sp'),
 (165, 'Sp'),
 (166, 'W'),
 (166, 'Sp'),
 (167, 'W'),
 (167, 'Sp'),
 (168, 'Sp'),
 (169, 'W'),
 (169, 'Sp'),
 (170, 'F'),
 (171, 'Sp'),
 (171, 'S'),
 (172, 'Sp'),
 (173, 'Sp'),
 (174, 'Sp'),
 (174, 'S'),
 (175, 'W'),
 (175, 'Sp'),
 (176, 'Sp'),
 (176, 'S'),
 (177, 'W'),
 (177, 'Sp'),
 (178, 'S'),
 (178, 'A'),
 (179, 'F'),
 (180, 'Sp'),
 (181, 'Sp'),
 (181, 'S'),
 (182, 'F'),
 (183, 'F'),
 (184, 'All year'),
 (185, 'W'),
 (185, 'Sp'),
 (185, 'S'),
 (186, 'F'),
 (187, 'W'),
 (187, 'Sp'),
 (188, 'W'),
 (188, 'Sp'),
 (189, 'W'),
 (189, 'Sp'),
 (190, 'Sp'),
 (190, 'S'),
 (191, 'Sp'),
 (192, 'W'),
 (192, 'Sp'),
 (193, 'W'),
 (193, 'Sp'),
 (194, 'Sp'),
 (194, 'S'),
 (194, 'A'),
 (195, 'Sp'),
 (195, 'S'),
 (196, 'W'),
 (196, 'Sp'),
 (197, 'F'),
 (198, 'F'),
 (199, 'F'),
 (200, 'F'),
 (201, 'W'),
 (201, 'Sp'),
 (202, 'Sp'),
 (203, 'Sp'),
 (203, 'A'),
 (204, 'Sp'),
 (204, 'S'),
 (205, 'W'),
 (205, 'Sp'),
 (205, 'S'),
 (206, 'Sp'),
 (206, 'S'),
 (207, 'Sp'),
 (207, 'S'),
 (207, 'A'),
 (208, 'Sp'),
 (208, 'S'),
 (209, 'W'),
 (209, 'Sp'),
 (210, 'W'),
 (210, 'Sp'),
 (211, 'F'),
 (212, 'Sp'),
 (212, 'S'),
 (213, 'W'),
 (213, 'Sp'),
 (214, 'Sp'),
 (214, 'S'),
 (215, 'Sp'),
 (215, 'S'),
 (216, 'Sp'),
 (216, 'S'),
 (217, 'Sp'),
 (217, 'S'),
 (218, 'W'),
 (218, 'Sp'),
 (219, 'Sp'),
 (219, 'S'),
 (220, 'Sp'),
 (220, 'S'),
 (221, 'W'),
 (221, 'Sp'),
 (222, 'Sp'),
 (222, 'S'),
 (223, 'A'),
 (223, 'W'),
 (223, 'Sp'),
 (224, 'Sp'),
 (225, 'Sp'),
 (226, 'W'),
 (226, 'Sp'),
 (226, 'S'),
 (227, 'Sp'),
 (228, 'Sp'),
 (229, 'Sp'),
 (230, 'A'),
 (231, 'Sp'),
 (232, 'Sp'),
 (232, 'S'),
 (233, 'Sp'),
 (233, 'S'),
 (234, 'Sp'),
 (235, 'Sp'),
 (235, 'S'),
 (236, 'Sp'),
 (236, 'S'),
 (237, 'Sp'),
 (237, 'S'),
 (238, 'Sp'),
 (238, 'S'),
 (239, 'F'),
 (240, 'Sp'),
 (241, 'S'),
 (241, 'A');
 
 Insert INTO PLANT_FLO_COLOR VALUES (0, 'Y'),
 (1, 'Y'),
 (2, 'Y'),
 (3, 'Y'),
 (4, 'Y'),
 (5, 'Y'),
 (6, 'Y'),
 (7, 'Y'),
 (8, 'Y'),
 (9, 'Y'),
 (10, 'Y'),
 (11, 'Y'),
 (12, 'Y'),
 (13, 'Y'),
 (14, 'Y'),
 (15, 'Y'),
 (16, 'Y'),
 (17, 'Y'),
 (18, 'Y'),
 (19, 'Y'),
 (20, 'Y'),
 (21, 'Y'),
 (22, 'Y'),
 (23, 'Y'),
 (24, 'Y'),
 (25, 'Y'),
 (26, 'Y'),
 (27, 'Y'),
 (28, 'Y'),
 (29, 'Y'),
 (30, 'R'),
 (30, 'Br'),
 (31, 'I'),
 (32, 'I'),
 (33, 'I'),
 (34, 'R'),
 (34, 'Br'),
 (35, 'R'),
 (35, 'Br'),
 (36, 'R'),
 (36, 'Br'),
 (37, 'I'),
 (38, 'I'),
 (39, 'I'),
 (40, 'I'),
 (41, 'W'),
 (42, 'Y'),
 (43, 'Y'),
 (44, 'Y'),
 (44, 'B'),
 (45, 'Y'),
 (46, 'Y'),
 (47, 'W'),
 (47, 'Pk'),
 (48, 'B'),
 (48, 'W'),
 (49, 'Pk'),
 (50, 'Cr'),
 (50, 'Pk'),
 (51, 'R'),
 (52, 'R'),
 (53, 'Y'),
 (54, 'Cr'),
 (55, 'I'),
 (56, 'R'),
 (57, 'B'),
 (58, 'W'),
 (59, 'G'),
 (59, 'Cr'),
 (60, 'G'),
 (60, 'R'),
 (61, 'Cr'),
 (62, 'Pk'),
 (63, 'Y'),
 (63, 'R'),
 (64, 'O'),
 (64, 'R'),
 (65, 'I'),
 (66, 'I'),
 (67, 'B'),
 (68, 'Pu'),
 (69, 'Cr'),
 (69, 'Pk'),
 (70, 'W'),
 (71, 'Pu'),
 (72, 'W'),
 (73, 'W'),
 (74, 'W'),
 (75, 'W'),
 (76, 'Cr'),
 (76, 'Pk'),
 (77, 'W'),
 (78, 'W'),
 (79, 'Cr'),
 (80, 'W'),
 (81, 'Cr'),
 (82, 'Cr'),
 (83, 'Cr'),
 (84, 'W'),
 (85, 'W'),
 (86, 'W'),
 (87, 'Cr'),
 (88, 'W'),
 (89, 'W'),
 (90, 'Cr'),
 (90, 'Pk'),
 (90, 'R'),
 (91, 'R'),
 (91, 'Pk'),
 (91, 'Cr'),
 (92, 'W'),
 (93, 'Pk'),
 (93, 'Cr'),
 (94, 'Cr'),
 (95, 'Cr'),
 (96, 'W'),
 (97, 'Cr'),
 (98, 'W'),
 (99, 'W'),
 (100, 'W'),
 (101, 'Cr'),
 (102, 'Cr'),
 (103, 'Cr'),
 (104, 'W'),
 (105, 'Cr'),
 (105, 'Pk'),
 (106, 'Cr'),
 (107, 'W'),
 (108, 'W'),
 (109, 'W'),
 (110, 'Y'),
 (111, 'Y'),
 (112, 'Y'),
 (113, 'Bu'),
 (113, 'R'),
 (114, 'R'),
 (114, 'G'),
 (115, 'Cr'),
 (116, 'W'),
 (117, 'Y'),
 (118, 'W'),
 (119, 'W'),
 (120, 'Pu'),
 (121, 'W'),
 (122, 'Pk'),
 (123, 'Y'),
 (124, 'Y'),
 (125, 'Pu'),
 (126, 'Y'),
 (127, 'Pk'),
 (127, 'W'),
 (128, 'Pk'),
 (128, 'W'),
 (129, 'W'),
 (130, 'W'),
 (131, 'W'),
 (132, 'Cr'),
 (133, 'W'),
 (134, 'Y'),
 (134, 'Br'),
 (135, 'W'),
 (136, 'B'),
 (137, 'I'),
 (138, 'Y'),
 (138, 'Pk'),
 (139, 'Cr'),
 (140, 'Cr'),
 (141, 'W'),
 (142, 'Pu'),
 (143, 'Pu'),
 (144, 'W'),
 (145, 'Cr'),
 (146, 'Pk'),
 (146, 'Pu'),
 (147, 'Cr'),
 (148, 'Pk'),
 (148, 'Pu'),
 (149, 'W'),
 (149, 'Pk'),
 (150, 'W'),
 (151, 'W'),
 (152, 'W'),
 (153, 'W'),
 (154, 'W'),
 (155, 'W'),
 (156, 'W'),
 (156, 'Pk'),
 (156, 'Pu'),
 (157, 'W'),
 (158, 'W'),
 (158, 'Pk'),
 (159, 'W'),
 (160, 'W'),
 (161, 'W'),
 (162, 'O'),
 (162, 'R'),
 (163, 'R'),
 (163, 'Y'),
 (164, 'R'),
 (165, 'Y'),
 (165, 'R'),
 (166, 'Y'),
 (166, 'R'),
 (167, 'I'),
 (168, 'I'),
 (169, 'I'),
 (170, 'Y'),
 (171, 'B'),
 (171, 'Pu'),
 (172, 'W'),
 (173, 'Pk'),
 (173, 'W'),
 (174, 'Pk'),
 (175, 'Pk'),
 (176, 'Pu'),
 (176, 'Pk'),
 (177, 'W'),
 (177, 'Pk'),
 (178, 'Y'),
 (179, 'Pu'),
 (180, 'B'),
 (180, 'Pu'),
 (181, 'Pk'),
 (181, 'Pu'),
 (182, 'I'),
 (183, 'I'),
 (184, 'Pu'),
 (185, 'Pk'),
 (186, 'W'),
 (187, 'Y'),
 (188, 'Y'),
 (189, 'Y'),
 (190, 'Y'),
 (191, 'Y'),
 (192, 'R'),
 (192, 'Y'),
 (193, 'Cr'),
 (194, 'Pk'),
 (195, 'B'),
 (195, 'W'),
 (196, 'O'),
 (196, 'Y'),
 (197, 'W'),
 (198, 'B'),
 (199, 'W'),
 (200, 'W'),
 (200, 'Pu'),
 (201, 'Pu'),
 (202, 'G'),
 (203, 'Cr'),
 (204, 'Cr'),
 (205, 'Cr'),
 (206, 'Cr'),
 (207, 'Cr'),
 (208, 'Cr'),
 (209, 'G'),
 (209, 'Br'),
 (210, 'G'),
 (210, 'Br'),
 (211, 'Br'),
 (212, 'Br'),
 (213, 'Cr'),
 (214, 'Br'),
 (214, 'Bl'),
 (215, 'G'),
 (215, 'Cr'),
 (216, 'Cr'),
 (217, 'G'),
 (217, 'Cr'),
 (218, 'G'),
 (218, 'Cr'),
 (219, 'B'),
 (220, 'W'),
 (221, 'Cr'),
 (221, 'Y'),
 (222, 'Cr'),
 (222, 'Y'),
 (223, 'W'),
 (224, 'B'),
 (225, 'Pu'),
 (226, 'W'),
 (227, 'Pk'),
 (228, 'Y'),
 (229, 'W'),
 (230, 'Pk'),
 (231, 'I'),
 (232, 'Pk'),
 (233, 'Pk'),
 (234, 'W'),
 (235, 'Pk'),
 (236, 'G'),
 (237, 'Br'),
 (238, 'Br'),
 (239, 'B'),
 (240, 'Br'),
 (241, 'B');